freq_hz,mag_db,phase_deg
1.0000e1,-4.6610e-1,1.7981e1
1.0471e1,-4.2953e-1,1.7221e1
1.0965e1,-3.9590e-1,1.6489e1
1.1482e1,-3.6501e-1,1.5785e1
1.2023e1,-3.3664e-1,1.5107e1
1.2589e1,-3.1061e-1,1.4457e1
1.3183e1,-2.8673e-1,1.3831e1
1.3804e1,-2.6483e-1,1.3231e1
1.4454e1,-2.4477e-1,1.2655e1
1.5136e1,-2.2639e-1,1.2103e1
1.5849e1,-2.0955e-1,1.1573e1
1.6596e1,-1.9415e-1,1.1066e1
1.7378e1,-1.8005e-1,1.0579e1
1.8197e1,-1.6715e-1,1.0113e1
1.9055e1,-1.5535e-1,9.6665e0
1.9953e1,-1.4456e-1,9.2391e0
2.0893e1,-1.3470e-1,8.8300e0
2.1878e1,-1.2569e-1,8.4385e0
2.2909e1,-1.1745e-1,8.0638e0
2.3988e1,-1.0992e-1,7.7053e0
2.5119e1,-1.0305e-1,7.3624e0
2.6303e1,-9.6770e-2,7.0344e0
2.7542e1,-9.1035e-2,6.7208e0
2.8840e1,-8.5798e-2,6.4209e0
3.0200e1,-8.1016e-2,6.1342e0
3.1623e1,-7.6651e-2,5.8600e0
3.3113e1,-7.2665e-2,5.5980e0
3.4674e1,-6.9028e-2,5.3476e0
3.6308e1,-6.5707e-2,5.1082e0
3.8019e1,-6.2677e-2,4.8794e0
3.9811e1,-5.9911e-2,4.6608e0
4.1687e1,-5.7387e-2,4.4519e0
4.3652e1,-5.5084e-2,4.2523e0
4.5709e1,-5.2983e-2,4.0615e0
4.7863e1,-5.1065e-2,3.8793e0
5.0119e1,-4.9316e-2,3.7052e0
5.2481e1,-4.7720e-2,3.5389e0
5.4954e1,-4.6264e-2,3.3800e0
5.7544e1,-4.4935e-2,3.2282e0
6.0256e1,-4.3723e-2,3.0832e0
6.3096e1,-4.2618e-2,2.9447e0
6.6069e1,-4.1609e-2,2.8123e0
6.9183e1,-4.0689e-2,2.6860e0
7.2444e1,-3.9850e-2,2.5652e0
7.5858e1,-3.9084e-2,2.4499e0
7.9433e1,-3.8386e-2,2.3398e0
8.3176e1,-3.7749e-2,2.2346e0
8.7096e1,-3.7168e-2,2.1341e0
9.1201e1,-3.6638e-2,2.0381e0
9.5499e1,-3.6155e-2,1.9465e0
1.0000e2,-3.5714e-2,1.8589e0
1.0471e2,-3.5312e-2,1.7753e0
1.0965e2,-3.4945e-2,1.6955e0
1.1482e2,-3.4610e-2,1.6192e0
1.2023e2,-3.4305e-2,1.5464e0
1.2589e2,-3.4027e-2,1.4768e0
1.3183e2,-3.3773e-2,1.4103e0
1.3804e2,-3.3542e-2,1.3469e0
1.4454e2,-3.3330e-2,1.2863e0
1.5136e2,-3.3138e-2,1.2284e0
1.5849e2,-3.2962e-2,1.1731e0
1.6596e2,-3.2802e-2,1.1204e0
1.7378e2,-3.2656e-2,1.0699e0
1.8197e2,-3.2523e-2,1.0218e0
1.9055e2,-3.2401e-2,9.7581e-1
1.9953e2,-3.2290e-2,9.3190e-1
2.0893e2,-3.2189e-2,8.8996e-1
2.1878e2,-3.2097e-2,8.4991e-1
2.2909e2,-3.2013e-2,8.1166e-1
2.3988e2,-3.1936e-2,7.7513e-1
2.5119e2,-3.1866e-2,7.4025e-1
2.6303e2,-3.1802e-2,7.0693e-1
2.7542e2,-3.1744e-2,6.7511e-1
2.8840e2,-3.1691e-2,6.4473e-1
3.0200e2,-3.1643e-2,6.1571e-1
3.1623e2,-3.1599e-2,5.8800e-1
3.3113e2,-3.1558e-2,5.6153e-1
3.4674e2,-3.1522e-2,5.3625e-1
3.6308e2,-3.1488e-2,5.1212e-1
3.8019e2,-3.1458e-2,4.8906e-1
3.9811e2,-3.1430e-2,4.6705e-1
4.1687e2,-3.1405e-2,4.4602e-1
4.3652e2,-3.1381e-2,4.2595e-1
4.5709e2,-3.1360e-2,4.0677e-1
4.7863e2,-3.1341e-2,3.8846e-1
5.0119e2,-3.1323e-2,3.7097e-1
5.2481e2,-3.1307e-2,3.5427e-1
5.4954e2,-3.1293e-2,3.3832e-1
5.7544e2,-3.1279e-2,3.2309e-1
6.0256e2,-3.1267e-2,3.0854e-1
6.3096e2,-3.1256e-2,2.9464e-1
6.6069e2,-3.1246e-2,2.8138e-1
6.9183e2,-3.1237e-2,2.6870e-1
7.2444e2,-3.1228e-2,2.5660e-1
7.5858e2,-3.1221e-2,2.4505e-1
7.9433e2,-3.1214e-2,2.3401e-1
8.3176e2,-3.1207e-2,2.2347e-1
8.7096e2,-3.1202e-2,2.1340e-1
9.1201e2,-3.1196e-2,2.0378e-1
9.5499e2,-3.1191e-2,1.9460e-1
1.0000e3,-3.1187e-2,1.8583e-1
1.0471e3,-3.1183e-2,1.7746e-1
1.0965e3,-3.1179e-2,1.6946e-1
1.1482e3,-3.1176e-2,1.6182e-1
1.2023e3,-3.1173e-2,1.5452e-1
1.2589e3,-3.1170e-2,1.4755e-1
1.3183e3,-3.1168e-2,1.4090e-1
1.3804e3,-3.1165e-2,1.3454e-1
1.4454e3,-3.1163e-2,1.2847e-1
1.5136e3,-3.1161e-2,1.2267e-1
1.5849e3,-3.1159e-2,1.1713e-1
1.6596e3,-3.1158e-2,1.1184e-1
1.7378e3,-3.1156e-2,1.0679e-1
1.8197e3,-3.1155e-2,1.0196e-1
1.9055e3,-3.1154e-2,9.7352e-2
1.9953e3,-3.1153e-2,9.2949e-2
2.0893e3,-3.1152e-2,8.8742e-2
2.1878e3,-3.1151e-2,8.4724e-2
2.2909e3,-3.1150e-2,8.0885e-2
2.3988e3,-3.1149e-2,7.7218e-2
2.5119e3,-3.1149e-2,7.3715e-2
2.6303e3,-3.1148e-2,7.0368e-2
2.7542e3,-3.1147e-2,6.7170e-2
2.8840e3,-3.1147e-2,6.4115e-2
3.0200e3,-3.1146e-2,6.1196e-2
3.1623e3,-3.1146e-2,5.8406e-2
3.3113e3,-3.1145e-2,5.5741e-2
3.4674e3,-3.1145e-2,5.3193e-2
3.6308e3,-3.1145e-2,5.0759e-2
3.8019e3,-3.1144e-2,4.8432e-2
3.9811e3,-3.1144e-2,4.6208e-2
4.1687e3,-3.1144e-2,4.4082e-2
4.3652e3,-3.1144e-2,4.2050e-2
4.5709e3,-3.1143e-2,4.0106e-2
4.7863e3,-3.1143e-2,3.8248e-2
5.0119e3,-3.1143e-2,3.6471e-2
5.2481e3,-3.1143e-2,3.4771e-2
5.4954e3,-3.1143e-2,3.3145e-2
5.7544e3,-3.1143e-2,3.1589e-2
6.0256e3,-3.1143e-2,3.0101e-2
6.3096e3,-3.1142e-2,2.8676e-2
6.6069e3,-3.1142e-2,2.7312e-2
6.9183e3,-3.1142e-2,2.6006e-2
7.2444e3,-3.1142e-2,2.4755e-2
7.5858e3,-3.1142e-2,2.3556e-2
7.9433e3,-3.1142e-2,2.2408e-2
8.3176e3,-3.1142e-2,2.1307e-2
8.7096e3,-3.1142e-2,2.0251e-2
9.1201e3,-3.1142e-2,1.9238e-2
9.5499e3,-3.1142e-2,1.8266e-2
1.0000e4,-3.1142e-2,1.7333e-2
1.0471e4,-3.1142e-2,1.6436e-2
1.0965e4,-3.1142e-2,1.5575e-2
1.1482e4,-3.1142e-2,1.4746e-2
1.2023e4,-3.1142e-2,1.3949e-2
1.2589e4,-3.1142e-2,1.3181e-2
1.3183e4,-3.1142e-2,1.2441e-2
1.3804e4,-3.1141e-2,1.1728e-2
1.4454e4,-3.1141e-2,1.1040e-2
1.5136e4,-3.1141e-2,1.0374e-2
1.5849e4,-3.1141e-2,9.7314e-3
1.6596e4,-3.1141e-2,9.1090e-3
1.7378e4,-3.1141e-2,8.5059e-3
1.8197e4,-3.1141e-2,7.9208e-3
1.9055e4,-3.1141e-2,7.3526e-3
1.9953e4,-3.1141e-2,6.7999e-3
2.0893e4,-3.1141e-2,6.2616e-3
2.1878e4,-3.1141e-2,5.7367e-3
2.2909e4,-3.1141e-2,5.2239e-3
2.3988e4,-3.1141e-2,4.7222e-3
2.5119e4,-3.1141e-2,4.2305e-3
2.6303e4,-3.1141e-2,3.7477e-3
2.7542e4,-3.1141e-2,3.2730e-3
2.8840e4,-3.1141e-2,2.8051e-3
3.0200e4,-3.1141e-2,2.3433e-3
3.1623e4,-3.1141e-2,1.8863e-3
3.3113e4,-3.1141e-2,1.4334e-3
3.4674e4,-3.1141e-2,9.8356e-4
3.6308e4,-3.1141e-2,5.3577e-4
3.8019e4,-3.1141e-2,8.9125e-5
3.9811e4,-3.1141e-2,-3.5733e-4
4.1687e4,-3.1141e-2,-8.0455e-4
4.3652e4,-3.1141e-2,-1.2535e-3
4.5709e4,-3.1141e-2,-1.7051e-3
4.7863e4,-3.1141e-2,-2.1603e-3
5.0119e4,-3.1141e-2,-2.6200e-3
5.2481e4,-3.1141e-2,-3.0854e-3
5.4954e4,-3.1141e-2,-3.5573e-3
5.7544e4,-3.1141e-2,-4.0367e-3
6.0256e4,-3.1141e-2,-4.5247e-3
6.3096e4,-3.1141e-2,-5.0223e-3
6.6069e4,-3.1141e-2,-5.5305e-3
6.9183e4,-3.1141e-2,-6.0505e-3
7.2444e4,-3.1141e-2,-6.5833e-3
7.5858e4,-3.1141e-2,-7.1301e-3
7.9433e4,-3.1141e-2,-7.6919e-3
8.3176e4,-3.1142e-2,-8.2702e-3
8.7096e4,-3.1142e-2,-8.8659e-3
9.1201e4,-3.1142e-2,-9.4805e-3
9.5499e4,-3.1142e-2,-1.0115e-2
1.0000e5,-3.1142e-2,-1.0771e-2
