time_s,v_in_small_v,v_out_small_v,v_in_large_v,v_out_large_v
3.000000e-3,-7.347881e-17,-3.902511e-2,-1.469576e-15,-5.582813e-1
3.007813e-3,4.906767e-3,-3.808112e-2,9.813535e-2,-4.134771e-1
3.015625e-3,9.801714e-3,-3.705249e-2,1.960343e-1,-1.764238e-1
3.023438e-3,1.467305e-2,-3.594100e-2,2.934609e-1,1.035794e-2
3.031250e-3,1.950903e-2,-3.474430e-2,3.901806e-1,3.011974e-2
3.039063e-3,2.429802e-2,-3.344412e-2,4.859604e-1,-1.055020e-1
3.046875e-3,2.902847e-2,-3.206995e-2,5.805694e-1,-1.028135e-1
3.054688e-3,3.368899e-2,-3.062424e-2,6.737797e-1,3.004294e-1
3.062500e-3,3.826834e-2,-2.910950e-2,7.653669e-1,7.377819e-1
3.070313e-3,4.275551e-2,-2.751485e-2,8.551102e-1,1.167038e0
3.078125e-3,4.713967e-2,-2.584896e-2,9.427935e-1,1.457353e0
3.085938e-3,5.141027e-2,-2.412578e-2,1.028205e0,1.440197e0
3.093750e-3,5.555702e-2,-2.234831e-2,1.111140e0,1.189443e0
3.101563e-3,5.956993e-2,-2.051959e-2,1.191399e0,9.291815e-1
3.109375e-3,6.343933e-2,-1.862700e-2,1.268787e0,7.653369e-1
3.117188e-3,6.715590e-2,-1.669373e-2,1.343118e0,8.222456e-1
3.125000e-3,7.071068e-2,-1.472327e-2,1.414214e0,1.091495e0
3.132813e-3,7.409511e-2,-1.271904e-2,1.481902e0,1.387906e0
3.140625e-3,7.730105e-2,-1.068061e-2,1.546021e0,1.509624e0
3.148438e-3,8.032075e-2,-8.613339e-3,1.606415e0,1.383128e0
3.156250e-3,8.314696e-2,-6.527425e-3,1.662939e0,1.126025e0
3.164063e-3,8.577286e-2,-4.426520e-3,1.715457e0,1.019950e0
3.171875e-3,8.819213e-2,-2.314295e-3,1.763843e0,1.347383e0
3.179688e-3,9.039893e-2,-1.946124e-4,1.807979e0,1.738553e0
3.187500e-3,9.238795e-2,1.924571e-3,1.847759e0,2.124158e0
3.195313e-3,9.415441e-2,4.039245e-3,1.883088e0,2.458407e0
3.203125e-3,9.569403e-2,6.145727e-3,1.913881e0,2.565703e0
3.210938e-3,9.700313e-2,8.238329e-3,1.940063e0,2.381443e0
3.218750e-3,9.807853e-2,1.030730e-2,1.961571e0,2.062128e0
3.226563e-3,9.891765e-2,1.235253e-2,1.978353e0,1.833420e0
3.234375e-3,9.951847e-2,1.437047e-2,1.990369e0,1.839142e0
3.242188e-3,9.987955e-2,1.635757e-2,1.997591e0,2.052549e0
3.250000e-3,1.000000e-1,1.829888e-2,2.000000e0,2.315354e0
3.257813e-3,9.987955e-2,2.019414e-2,1.997591e0,2.427594e0
3.265625e-3,9.951847e-2,2.204414e-2,1.990369e0,2.327284e0
3.273438e-3,9.891765e-2,2.384569e-2,1.978353e0,2.088201e0
3.281250e-3,9.807853e-2,2.559257e-2,1.961571e0,1.889143e0
3.289062e-3,9.700313e-2,2.726358e-2,1.940063e0,1.871654e0
3.296875e-3,9.569403e-2,2.887325e-2,1.913881e0,2.022359e0
3.304687e-3,9.415441e-2,3.041885e-2,1.883088e0,2.228923e0
3.312500e-3,9.238795e-2,3.189766e-2,1.847759e0,2.334757e0
3.320312e-3,9.039893e-2,3.329070e-2,1.807979e0,2.270567e0
3.328125e-3,8.819213e-2,3.459705e-2,1.763843e0,2.084292e0
3.335937e-3,8.577286e-2,3.582636e-2,1.715457e0,1.912246e0
3.343750e-3,8.314696e-2,3.697654e-2,1.662939e0,1.871199e0
3.351562e-3,8.032075e-2,3.804555e-2,1.606415e0,1.972166e0
3.359375e-3,7.730105e-2,3.899775e-2,1.546021e0,2.130709e0
3.367187e-3,7.409511e-2,3.986290e-2,1.481902e0,2.217818e0
3.375000e-3,7.071068e-2,4.063972e-2,1.414214e0,2.174482e0
3.382812e-3,6.715590e-2,4.132686e-2,1.343118e0,2.027281e0
3.390625e-3,6.343933e-2,4.190775e-2,1.268787e0,1.875440e0
3.398437e-3,5.956993e-2,4.237501e-2,1.191399e0,1.819160e0
3.406250e-3,5.555702e-2,4.274836e-2,1.111140e0,1.875427e0
3.414062e-3,5.141027e-2,4.302719e-2,1.028205e0,1.987162e0
3.421875e-3,4.713967e-2,4.321097e-2,9.427935e-1,2.054822e0
3.429688e-3,4.275551e-2,4.326749e-2,8.551102e-1,2.022037e0
3.437500e-3,3.826834e-2,4.322282e-2,7.653669e-1,1.898878e0
3.445313e-3,3.368899e-2,4.308259e-2,6.737797e-1,1.760940e0
3.453125e-3,2.902847e-2,4.284705e-2,5.805694e-1,1.691863e0
3.460938e-3,2.429802e-2,4.250627e-2,4.859604e-1,1.709063e0
3.468750e-3,1.950903e-2,4.204532e-2,3.901806e-1,1.781837e0
3.476563e-3,1.467305e-2,4.149166e-2,2.934609e-1,1.829453e0
3.484375e-3,9.801714e-3,4.084626e-2,1.960343e-1,1.794896e0
3.492188e-3,4.906767e-3,4.011022e-2,9.813535e-2,1.689562e0
3.500000e-3,8.572528e-17,3.926085e-2,1.714506e-15,1.561218e0
3.507813e-3,-4.906767e-3,3.831533e-2,-9.813535e-2,1.481712e0
3.515625e-3,-9.801714e-3,3.728540e-2,-1.960343e-1,1.473428e0
3.523438e-3,-1.467305e-2,3.617287e-2,-2.934609e-1,1.510619e0
3.531250e-3,-1.950903e-2,3.497544e-2,-3.901806e-1,1.536225e0
3.539063e-3,-2.429802e-2,3.367498e-2,-4.859604e-1,1.502611e0
3.546875e-3,-2.902847e-2,3.230083e-2,-5.805694e-1,1.406500e0
3.554688e-3,-3.368899e-2,3.085543e-2,-6.737797e-1,1.287302e0
3.562500e-3,-3.826834e-2,2.934127e-2,-7.653669e-1,1.200930e0
3.570313e-3,-4.275551e-2,2.774752e-2,-8.551102e-1,1.171166e0
3.578125e-3,-4.713967e-2,2.608286e-2,-9.427935e-1,1.181237e0
3.585938e-3,-5.141027e-2,2.436122e-2,-1.028205e0,1.188378e0
3.593750e-3,-5.555702e-2,2.258560e-2,-1.111140e0,1.150960e0
3.601563e-3,-5.956993e-2,2.075904e-2,-1.191399e0,1.064956e0
3.609375e-3,-6.343933e-2,1.886898e-2,-1.268787e0,9.548532e-1
3.617188e-3,-6.715590e-2,1.693844e-2,-1.343118e0,8.651839e-1
3.625000e-3,-7.071068e-2,1.497089e-2,-1.414214e0,8.224431e-1
3.632813e-3,-7.409511e-2,1.296972e-2,-1.481902e0,8.132958e-1
3.640625e-3,-7.730105e-2,1.093453e-2,-1.546021e0,8.072370e-1
3.648438e-3,-8.032075e-2,8.870640e-3,-1.606415e0,7.691892e-1
3.656250e-3,-8.314696e-2,6.788213e-3,-1.662939e0,6.896326e-1
3.664063e-3,-8.577286e-2,4.690858e-3,-1.715457e0,5.899031e-1
3.671875e-3,-8.819213e-2,2.582205e-3,-1.763843e0,5.035189e-1
3.679688e-3,-9.039893e-2,4.660214e-4,-1.807979e0,4.535880e-1
3.687500e-3,-9.238795e-2,-1.649785e-3,-1.847759e0,4.336310e-1
3.695312e-3,-9.415441e-2,-3.761218e-3,-1.883088e0,4.188879e-1
3.703125e-3,-9.569403e-2,-5.864612e-3,-1.913881e0,3.815235e-1
3.710937e-3,-9.700313e-2,-7.954310e-3,-1.940063e0,3.117084e-1
3.718750e-3,-9.807853e-2,-1.002063e-2,-1.961571e0,2.244280e-1
3.726562e-3,-9.891765e-2,-1.206345e-2,-1.978353e0,1.465557e-1
3.734375e-3,-9.951847e-2,-1.407925e-2,-1.990369e0,9.613476e-2
3.742187e-3,-9.987955e-2,-1.606451e-2,-1.997591e0,7.279519e-2
3.750000e-3,-1.000000e-1,-1.800442e-2,-2.000000e0,5.544026e-2
3.757812e-3,-9.987955e-2,-1.989862e-2,-1.997591e0,2.167864e-2
3.765625e-3,-9.951847e-2,-2.174790e-2,-1.990369e0,-3.495307e-2
3.773437e-3,-9.891765e-2,-2.354904e-2,-1.978353e0,-1.071470e-1
3.781250e-3,-9.807853e-2,-2.529584e-2,-1.961571e0,-1.733895e-1
3.789062e-3,-9.700313e-2,-2.696718e-2,-1.940063e0,-2.171542e-1
3.796875e-3,-9.569403e-2,-2.857751e-2,-1.913881e0,-2.396590e-1
3.804687e-3,-9.415441e-2,-3.012407e-2,-1.883088e0,-2.533173e-1
3.812500e-3,-9.238795e-2,-3.160415e-2,-1.847759e0,-2.774869e-1
3.820312e-3,-9.039893e-2,-3.299880e-2,-1.807979e0,-3.206373e-1
3.828125e-3,-8.819213e-2,-3.430703e-2,-1.763843e0,-3.747066e-1
3.835937e-3,-8.577286e-2,-3.553844e-2,-1.715457e0,-4.258835e-1
3.843750e-3,-8.314696e-2,-3.669091e-2,-1.662939e0,-4.592521e-1
3.851562e-3,-8.032075e-2,-3.776238e-2,-1.606415e0,-4.749209e-1
3.859375e-3,-7.730105e-2,-3.871728e-2,-1.546021e0,-4.811371e-1
3.867187e-3,-7.409511e-2,-3.958527e-2,-1.481902e0,-4.934233e-1
3.875000e-3,-7.071068e-2,-4.036504e-2,-1.414214e0,-5.192414e-1
3.882812e-3,-6.715590e-2,-4.105524e-2,-1.343118e0,-5.547569e-1
3.890625e-3,-6.343933e-2,-4.163924e-2,-1.268787e0,-5.885394e-1
3.898437e-3,-5.956993e-2,-4.210964e-2,-1.191399e0,-6.083887e-1
3.906250e-3,-5.555702e-2,-4.248615e-2,-1.111140e0,-6.131997e-1
3.914063e-3,-5.141027e-2,-4.276812e-2,-1.028205e0,-6.087067e-1
3.921875e-3,-4.713967e-2,-4.295502e-2,-9.427935e-1,-6.074790e-1
3.929688e-3,-4.275551e-2,-4.301463e-2,-8.551102e-1,-6.157913e-1
3.937500e-3,-3.826834e-2,-4.297296e-2,-7.653669e-1,-6.324232e-1
3.945313e-3,-3.368899e-2,-4.283564e-2,-6.737797e-1,-6.481219e-1
3.953125e-3,-2.902847e-2,-4.260291e-2,-5.805694e-1,-6.531854e-1
3.960938e-3,-2.429802e-2,-4.226477e-2,-4.859604e-1,-6.450550e-1
3.968750e-3,-1.950903e-2,-4.180628e-2,-3.901806e-1,-6.286404e-1
3.976563e-3,-1.467305e-2,-4.125490e-2,-2.934609e-1,-6.132155e-1
3.984375e-3,-9.801714e-3,-4.061163e-2,-1.960343e-1,-6.044368e-1
3.992188e-3,-4.906767e-3,-3.987751e-2,-9.813535e-2,-5.971200e-1
4.000000e-3,-9.797174e-17,-3.902980e-2,-1.959435e-15,-5.581518e-1
4.007813e-3,4.906767e-3,-3.808568e-2,9.813535e-2,-4.175422e-1
4.015625e-3,9.801714e-3,-3.705689e-2,1.960343e-1,-1.795959e-1
4.023438e-3,1.467305e-2,-3.594524e-2,2.934609e-1,1.292531e-2
4.031250e-3,1.950903e-2,-3.474840e-2,3.901806e-1,3.911040e-2
4.039063e-3,2.429802e-2,-3.344815e-2,4.859604e-1,-9.432943e-2
4.046875e-3,2.902847e-2,-3.207395e-2,5.805694e-1,-1.104511e-1
4.054688e-3,3.368899e-2,-3.062820e-2,6.737797e-1,2.836481e-1
4.062500e-3,3.826834e-2,-2.911339e-2,7.653669e-1,7.210494e-1
4.070313e-3,4.275551e-2,-2.751862e-2,8.551102e-1,1.151207e0
4.078125e-3,4.713967e-2,-2.585259e-2,9.427935e-1,1.458057e0
4.085938e-3,5.141027e-2,-2.412929e-2,1.028205e0,1.466027e0
4.093750e-3,5.555702e-2,-2.235172e-2,1.111140e0,1.221327e0
4.101563e-3,5.956993e-2,-2.052294e-2,1.191399e0,9.589986e-1
4.109375e-3,6.343933e-2,-1.863033e-2,1.268787e0,7.846798e-1
4.117188e-3,6.715590e-2,-1.669702e-2,1.343118e0,8.232037e-1
4.125000e-3,7.071068e-2,-1.472648e-2,1.414214e0,1.070645e0
4.132813e-3,7.409511e-2,-1.272215e-2,1.481902e0,1.359826e0
4.140625e-3,7.730105e-2,-1.068361e-2,1.546021e0,1.492653e0
4.148438e-3,8.032075e-2,-8.616234e-3,1.606415e0,1.387210e0
4.156250e-3,8.314696e-2,-6.530252e-3,1.662939e0,1.143663e0
4.164063e-3,8.577286e-2,-4.429306e-3,1.715457e0,1.022898e0
4.171875e-3,8.819213e-2,-2.317059e-3,1.763843e0,1.331543e0
4.179688e-3,9.039893e-2,-1.973366e-4,1.807979e0,1.722683e0
4.187500e-3,9.238795e-2,1.921916e-3,1.847759e0,2.107676e0
4.195313e-3,9.415441e-2,4.036678e-3,1.883088e0,2.431589e0
4.203125e-3,9.569403e-2,6.143256e-3,1.913881e0,2.524074e0
4.210938e-3,9.700313e-2,8.235939e-3,1.940063e0,2.328274e0
4.218750e-3,9.807853e-2,1.030495e-2,1.961571e0,2.010527e0
4.226563e-3,9.891765e-2,1.235021e-2,1.978353e0,1.791219e0
4.234375e-3,9.951847e-2,1.436818e-2,1.990369e0,1.815873e0
4.242188e-3,9.987955e-2,1.635531e-2,1.997591e0,2.037373e0
4.250000e-3,1.000000e-1,1.829669e-2,2.000000e0,2.295313e0
4.257813e-3,9.987955e-2,2.019202e-2,1.997591e0,2.397224e0
4.265625e-3,9.951847e-2,2.204209e-2,1.990369e0,2.286060e0
4.273438e-3,9.891765e-2,2.384370e-2,1.978353e0,2.044276e0
4.281250e-3,9.807853e-2,2.559063e-2,1.961571e0,1.855963e0
4.289063e-3,9.700313e-2,2.726165e-2,1.940063e0,1.848649e0
4.296875e-3,9.569403e-2,2.887135e-2,1.913881e0,2.007418e0
4.304688e-3,9.415441e-2,3.041698e-2,1.883088e0,2.214407e0
4.312500e-3,9.238795e-2,3.189585e-2,1.847759e0,2.307500e0
4.320313e-3,9.039893e-2,3.328896e-2,1.807979e0,2.236966e0
4.328125e-3,8.819213e-2,3.459536e-2,1.763843e0,2.048104e0
4.335938e-3,8.577286e-2,3.582472e-2,1.715457e0,1.884538e0
4.343750e-3,8.314696e-2,3.697492e-2,1.662939e0,1.854459e0
4.351563e-3,8.032075e-2,3.804394e-2,1.606415e0,1.959577e0
4.359375e-3,7.730105e-2,3.899617e-2,1.546021e0,2.118254e0
4.367188e-3,7.409511e-2,3.986135e-2,1.481902e0,2.199098e0
4.375000e-3,7.071068e-2,4.063822e-2,1.414214e0,2.149384e0
4.382812e-3,6.715590e-2,4.132542e-2,1.343118e0,1.997189e0
4.390625e-3,6.343933e-2,4.190636e-2,1.268787e0,1.849568e0
4.398437e-3,5.956993e-2,4.237364e-2,1.191399e0,1.802496e0
4.406250e-3,5.555702e-2,4.274701e-2,1.111140e0,1.862936e0
4.414062e-3,5.141027e-2,4.302586e-2,1.028205e0,1.976626e0
4.421875e-3,4.713967e-2,4.320965e-2,9.427935e-1,2.039324e0
4.429687e-3,4.275551e-2,4.326622e-2,8.551102e-1,1.999977e0
4.437500e-3,3.826834e-2,4.322158e-2,7.653669e-1,1.872675e0
4.445312e-3,3.368899e-2,4.308140e-2,6.737797e-1,1.737512e0
4.453125e-3,2.902847e-2,4.284589e-2,5.805694e-1,1.674767e0
4.460937e-3,2.429802e-2,4.250513e-2,4.859604e-1,1.699537e0
4.468750e-3,1.950903e-2,4.204420e-2,3.901806e-1,1.773186e0
4.476562e-3,1.467305e-2,4.149055e-2,2.934609e-1,1.817044e0
4.484375e-3,9.801714e-3,4.084517e-2,1.960343e-1,1.776943e0
4.492187e-3,4.906767e-3,4.010916e-2,9.813535e-2,1.668587e0
4.500000e-3,1.102182e-16,3.925983e-2,2.204364e-15,1.541570e0
4.507812e-3,-4.906767e-3,3.831434e-2,-9.813535e-2,1.466974e0
4.515625e-3,-9.801714e-3,3.728444e-2,-1.960343e-1,1.463742e0
4.523437e-3,-1.467305e-2,3.617193e-2,-2.934609e-1,1.502539e0
4.531250e-3,-1.950903e-2,3.497451e-2,-3.901806e-1,1.525870e0
4.539062e-3,-2.429802e-2,3.367405e-2,-4.859604e-1,1.488956e0
4.546875e-3,-2.902847e-2,3.229993e-2,-5.805694e-1,1.389276e0
4.554687e-3,-3.368899e-2,3.085456e-2,-6.737797e-1,1.270846e0
4.562500e-3,-3.826834e-2,2.934043e-2,-7.653669e-1,1.188418e0
4.570312e-3,-4.275551e-2,2.774670e-2,-8.551102e-1,1.161312e0
4.578125e-3,-4.713967e-2,2.608206e-2,-9.427935e-1,1.174367e0
4.585937e-3,-5.141027e-2,2.436043e-2,-1.028205e0,1.179884e0
4.593750e-3,-5.555702e-2,2.258482e-2,-1.111140e0,1.138928e0
4.601562e-3,-5.956993e-2,2.075827e-2,-1.191399e0,1.050465e0
4.609375e-3,-6.343933e-2,1.886823e-2,-1.268787e0,9.407611e-1
4.617187e-3,-6.715590e-2,1.693772e-2,-1.343118e0,8.541494e-1
4.625000e-3,-7.071068e-2,1.497019e-2,-1.414214e0,8.141415e-1
4.632812e-3,-7.409511e-2,1.296905e-2,-1.481902e0,8.071689e-1
4.640625e-3,-7.730105e-2,1.093386e-2,-1.546021e0,7.997366e-1
4.648437e-3,-8.032075e-2,8.869986e-3,-1.606415e0,7.589108e-1
4.656250e-3,-8.314696e-2,6.787567e-3,-1.662939e0,6.777082e-1
4.664062e-3,-8.577286e-2,4.690223e-3,-1.715457e0,5.780554e-1
4.671875e-3,-8.819213e-2,2.581586e-3,-1.763843e0,4.941129e-1
4.679687e-3,-9.039893e-2,4.654239e-4,-1.807979e0,4.466767e-1
4.687500e-3,-9.238795e-2,-1.650362e-3,-1.847759e0,4.281836e-1
4.695312e-3,-9.415441e-2,-3.761779e-3,-1.883088e0,4.131207e-1
4.703125e-3,-9.569403e-2,-5.865162e-3,-1.913881e0,3.733397e-1
4.710937e-3,-9.700313e-2,-7.954854e-3,-1.940063e0,3.017329e-1
4.718750e-3,-9.807853e-2,-1.002116e-2,-1.961571e0,2.143702e-1
4.726562e-3,-9.891765e-2,-1.206398e-2,-1.978353e0,1.378939e-1
4.734375e-3,-9.951847e-2,-1.407976e-2,-1.990369e0,9.016194e-2
4.742187e-3,-9.987955e-2,-1.606501e-2,-1.997591e0,6.797350e-2
4.750000e-3,-1.000000e-1,-1.800489e-2,-2.000000e0,5.034779e-2
4.757812e-3,-9.987955e-2,-1.989909e-2,-1.997591e0,1.502304e-2
4.765625e-3,-9.951847e-2,-2.174836e-2,-1.990369e0,-4.327991e-2
4.773437e-3,-9.891765e-2,-2.354949e-2,-1.978353e0,-1.155508e-1
4.781250e-3,-9.807853e-2,-2.529629e-2,-1.961571e0,-1.808474e-1
4.789062e-3,-9.700313e-2,-2.696761e-2,-1.940063e0,-2.230453e-1
4.796875e-3,-9.569403e-2,-2.857793e-2,-1.913881e0,-2.438667e-1
4.804687e-3,-9.415441e-2,-3.012447e-2,-1.883088e0,-2.578778e-1
4.812500e-3,-9.238795e-2,-3.160455e-2,-1.847759e0,-2.833703e-1
4.820312e-3,-9.039893e-2,-3.299919e-2,-1.807979e0,-3.272084e-1
4.828125e-3,-8.819213e-2,-3.430741e-2,-1.763843e0,-3.816669e-1
4.835937e-3,-8.577286e-2,-3.553882e-2,-1.715457e0,-4.319844e-1
4.843750e-3,-8.314696e-2,-3.669128e-2,-1.662939e0,-4.640170e-1
4.851562e-3,-8.032075e-2,-3.776274e-2,-1.606415e0,-4.787424e-1
4.859375e-3,-7.730105e-2,-3.871763e-2,-1.546021e0,-4.848509e-1
4.867187e-3,-7.409511e-2,-3.958560e-2,-1.481902e0,-4.978192e-1
4.875000e-3,-7.071068e-2,-4.036537e-2,-1.414214e0,-5.247119e-1
4.882812e-3,-6.715590e-2,-4.105556e-2,-1.343118e0,-5.605882e-1
4.890625e-3,-6.343933e-2,-4.163956e-2,-1.268787e0,-5.937898e-1
4.898438e-3,-5.956993e-2,-4.210996e-2,-1.191399e0,-6.126257e-1
4.906250e-3,-5.555702e-2,-4.248645e-2,-1.111140e0,-6.166005e-1
4.914063e-3,-5.141027e-2,-4.276842e-2,-1.028205e0,-6.119473e-1
4.921875e-3,-4.713967e-2,-4.295531e-2,-9.427935e-1,-6.113265e-1
4.929688e-3,-4.275551e-2,-4.301491e-2,-8.551102e-1,-6.202611e-1
4.937500e-3,-3.826834e-2,-4.297323e-2,-7.653669e-1,-6.373198e-1
4.945313e-3,-3.368899e-2,-4.283591e-2,-6.737797e-1,-6.525816e-1
4.953125e-3,-2.902847e-2,-4.260317e-2,-5.805694e-1,-6.566431e-1
4.960938e-3,-2.429802e-2,-4.226503e-2,-4.859604e-1,-6.480223e-1
4.968750e-3,-1.950903e-2,-4.180654e-2,-3.901806e-1,-6.313953e-1
4.976563e-3,-1.467305e-2,-4.125515e-2,-2.934609e-1,-6.164154e-1
4.984375e-3,-9.801714e-3,-4.061366e-2,-1.960343e-1,-6.081176e-1
4.992188e-3,-4.906767e-3,-3.987390e-2,-9.813535e-2,-6.006265e-1
5.000000e-3,-1.224647e-16,-3.904037e-2,-2.449294e-15,-5.595351e-1
